repo,method,k,precision,recall,f1,ndcg,n_relevant,n_retrieved
pydantic/pydantic-ai,BM25,5,0.8,0.2667,0.4,0.8688,15,10
pydantic/pydantic-ai,BM25,10,0.5,0.3333,0.4,0.63,15,10
pydantic/pydantic-ai,embedding_code,5,0.8,0.2667,0.4,0.8539,15,10
pydantic/pydantic-ai,embedding_code,10,0.6,0.4,0.48,0.6988,15,10
pydantic/pydantic-ai,embedding_doc,5,1.0,0.3333,0.5,1.0,15,10
pydantic/pydantic-ai,embedding_doc,10,0.5,0.3333,0.4,0.6489,15,10
pydantic/pydantic-ai,embedding_readme,5,0.8,0.2667,0.4,0.786,15,10
pydantic/pydantic-ai,embedding_readme,10,0.4,0.2667,0.32,0.5101,15,10
pydantic/pydantic-ai,embedding_requirement,5,0.2,0.0667,0.1,0.1461,15,10
pydantic/pydantic-ai,embedding_requirement,10,0.3,0.2,0.24,0.2247,15,10
pydantic/pydantic-ai,repo-embedding,5,1.0,0.3333,0.5,1.0,15,10
pydantic/pydantic-ai,repo-embedding,10,0.6,0.4,0.48,0.7223,15,10
pydantic/pydantic-ai,code+doc,5,1.0,0.3333,0.5,1.0,15,10
pydantic/pydantic-ai,code+doc,10,0.6,0.4,0.48,0.7152,15,10
pydantic/pydantic-ai,code+readme,5,0.8,0.2667,0.4,0.8539,15,10
pydantic/pydantic-ai,code+readme,10,0.5,0.3333,0.4,0.6325,15,10
pydantic/pydantic-ai,code+doc+readme,5,1.0,0.3333,0.5,1.0,15,10
pydantic/pydantic-ai,code+doc+readme,10,0.6,0.4,0.48,0.7126,15,10
pydantic/pydantic-ai,code+doc+readme+req,5,1.0,0.3333,0.5,1.0,15,10
pydantic/pydantic-ai,code+doc+readme+req,10,0.6,0.4,0.48,0.7184,15,10
jet-admin/jet-bridge,BM25,5,0.2,0.1667,0.1818,0.1461,6,10
jet-admin/jet-bridge,BM25,10,0.2,0.3333,0.25,0.2312,6,10
jet-admin/jet-bridge,embedding_code,5,0.2,0.1667,0.1818,0.3392,6,10
jet-admin/jet-bridge,embedding_code,10,0.3,0.5,0.375,0.4989,6,10
jet-admin/jet-bridge,embedding_doc,5,0.0,0.0,0.0,0.0,6,10
jet-admin/jet-bridge,embedding_doc,10,0.0,0.0,0.0,0.0,6,10
jet-admin/jet-bridge,embedding_readme,5,0.2,0.1667,0.1818,0.3392,6,10
jet-admin/jet-bridge,embedding_readme,10,0.1,0.1667,0.125,0.3026,6,10
jet-admin/jet-bridge,embedding_requirement,5,0.0,0.0,0.0,0.0,6,10
jet-admin/jet-bridge,embedding_requirement,10,0.0,0.0,0.0,0.0,6,10
jet-admin/jet-bridge,repo-embedding,5,0.2,0.1667,0.1818,0.3392,6,10
jet-admin/jet-bridge,repo-embedding,10,0.1,0.1667,0.125,0.3026,6,10
jet-admin/jet-bridge,code+doc,5,0.2,0.1667,0.1818,0.214,6,10
jet-admin/jet-bridge,code+doc,10,0.1,0.1667,0.125,0.1909,6,10
jet-admin/jet-bridge,code+readme,5,0.2,0.1667,0.1818,0.3392,6,10
jet-admin/jet-bridge,code+readme,10,0.1,0.1667,0.125,0.3026,6,10
jet-admin/jet-bridge,code+doc+readme,5,0.2,0.1667,0.1818,0.3392,6,10
jet-admin/jet-bridge,code+doc+readme,10,0.1,0.1667,0.125,0.3026,6,10
jet-admin/jet-bridge,code+doc+readme+req,5,0.2,0.1667,0.1818,0.3392,6,10
jet-admin/jet-bridge,code+doc+readme+req,10,0.1,0.1667,0.125,0.3026,6,10
grantjenks/python-sortedcontainers,BM25,5,0.2,0.2,0.2,0.1461,5,10
grantjenks/python-sortedcontainers,BM25,10,0.1,0.2,0.1333,0.1461,5,10
grantjenks/python-sortedcontainers,embedding_code,5,0.2,0.2,0.2,0.1312,5,10
grantjenks/python-sortedcontainers,embedding_code,10,0.1,0.2,0.1333,0.1312,5,10
grantjenks/python-sortedcontainers,embedding_doc,5,0.2,0.2,0.2,0.3392,5,10
grantjenks/python-sortedcontainers,embedding_doc,10,0.2,0.4,0.2667,0.4522,5,10
grantjenks/python-sortedcontainers,embedding_readme,5,0.2,0.2,0.2,0.3392,5,10
grantjenks/python-sortedcontainers,embedding_readme,10,0.1,0.2,0.1333,0.3392,5,10
grantjenks/python-sortedcontainers,embedding_requirement,5,0.0,0.0,0.0,0.0,5,10
grantjenks/python-sortedcontainers,embedding_requirement,10,0.0,0.0,0.0,0.0,5,10
grantjenks/python-sortedcontainers,repo-embedding,5,0.2,0.2,0.2,0.214,5,10
grantjenks/python-sortedcontainers,repo-embedding,10,0.2,0.4,0.2667,0.3348,5,10
grantjenks/python-sortedcontainers,code+doc,5,0.2,0.2,0.2,0.214,5,10
grantjenks/python-sortedcontainers,code+doc,10,0.1,0.2,0.1333,0.214,5,10
grantjenks/python-sortedcontainers,code+readme,5,0.0,0.0,0.0,0.0,5,10
grantjenks/python-sortedcontainers,code+readme,10,0.1,0.2,0.1333,0.1021,5,10
grantjenks/python-sortedcontainers,code+doc+readme,5,0.2,0.2,0.2,0.214,5,10
grantjenks/python-sortedcontainers,code+doc+readme,10,0.2,0.4,0.2667,0.327,5,10
grantjenks/python-sortedcontainers,code+doc+readme+req,5,0.4,0.4,0.4,0.3601,5,10
grantjenks/python-sortedcontainers,code+doc+readme+req,10,0.2,0.4,0.2667,0.3601,5,10
MagicStack/uvloop,BM25,5,0.4,0.3333,0.3636,0.4852,6,10
MagicStack/uvloop,BM25,10,0.3,0.5,0.375,0.5407,6,10
MagicStack/uvloop,embedding_code,5,0.4,0.3333,0.3636,0.5087,6,10
MagicStack/uvloop,embedding_code,10,0.3,0.5,0.375,0.5494,6,10
MagicStack/uvloop,embedding_doc,5,0.4,0.3333,0.3636,0.3601,6,10
MagicStack/uvloop,embedding_doc,10,0.2,0.3333,0.25,0.3212,6,10
MagicStack/uvloop,embedding_readme,5,0.0,0.0,0.0,0.0,6,10
MagicStack/uvloop,embedding_readme,10,0.1,0.1667,0.125,0.1009,6,10
MagicStack/uvloop,embedding_requirement,5,0.0,0.0,0.0,0.0,6,10
MagicStack/uvloop,embedding_requirement,10,0.0,0.0,0.0,0.0,6,10
MagicStack/uvloop,repo-embedding,5,0.6,0.5,0.5455,0.6992,6,10
MagicStack/uvloop,repo-embedding,10,0.4,0.6667,0.5,0.7149,6,10
MagicStack/uvloop,code+doc,5,0.4,0.3333,0.3636,0.5531,6,10
MagicStack/uvloop,code+doc,10,0.3,0.5,0.375,0.589,6,10
MagicStack/uvloop,code+readme,5,0.4,0.3333,0.3636,0.5087,6,10
MagicStack/uvloop,code+readme,10,0.4,0.6667,0.5,0.6405,6,10
MagicStack/uvloop,code+doc+readme,5,0.4,0.3333,0.3636,0.5087,6,10
MagicStack/uvloop,code+doc+readme,10,0.4,0.6667,0.5,0.6528,6,10
MagicStack/uvloop,code+doc+readme+req,5,0.4,0.3333,0.3636,0.5087,6,10
MagicStack/uvloop,code+doc+readme+req,10,0.4,0.6667,0.5,0.6528,6,10
Zulko/moviepy,BM25,5,0.2,0.1429,0.1667,0.3392,7,10
Zulko/moviepy,BM25,10,0.2,0.2857,0.2353,0.3728,7,10
Zulko/moviepy,embedding_code,5,0.4,0.2857,0.3333,0.5531,7,10
Zulko/moviepy,embedding_code,10,0.4,0.5714,0.4706,0.6145,7,10
Zulko/moviepy,embedding_doc,5,0.2,0.1429,0.1667,0.1696,7,10
Zulko/moviepy,embedding_doc,10,0.1,0.1429,0.1176,0.1374,7,10
Zulko/moviepy,embedding_readme,5,0.2,0.1429,0.1667,0.214,7,10
Zulko/moviepy,embedding_readme,10,0.2,0.2857,0.2353,0.2713,7,10
Zulko/moviepy,embedding_requirement,5,0.0,0.0,0.0,0.0,7,10
Zulko/moviepy,embedding_requirement,10,0.0,0.0,0.0,0.0,7,10
Zulko/moviepy,repo-embedding,5,0.0,0.0,0.0,0.0,7,10
Zulko/moviepy,repo-embedding,10,0.1,0.1429,0.1176,0.0979,7,10
Zulko/moviepy,code+doc,5,0.2,0.1429,0.1667,0.3392,7,10
Zulko/moviepy,code+doc,10,0.2,0.2857,0.2353,0.3576,7,10
Zulko/moviepy,code+readme,5,0.4,0.2857,0.3333,0.3836,7,10
Zulko/moviepy,code+readme,10,0.3,0.4286,0.3529,0.4088,7,10
Zulko/moviepy,code+doc+readme,5,0.2,0.1429,0.1667,0.1696,7,10
Zulko/moviepy,code+doc+readme,10,0.2,0.2857,0.2353,0.2202,7,10
Zulko/moviepy,code+doc+readme+req,5,0.0,0.0,0.0,0.0,7,10
Zulko/moviepy,code+doc+readme+req,10,0.2,0.2857,0.2353,0.1846,7,10
django-guardian/django-guardian,BM25,5,0.2,0.1667,0.1818,0.3392,6,10
django-guardian/django-guardian,BM25,10,0.1,0.1667,0.125,0.3026,6,10
django-guardian/django-guardian,embedding_code,5,0.2,0.1667,0.1818,0.3392,6,10
django-guardian/django-guardian,embedding_code,10,0.1,0.1667,0.125,0.3026,6,10
django-guardian/django-guardian,embedding_doc,5,0.2,0.1667,0.1818,0.3392,6,10
django-guardian/django-guardian,embedding_doc,10,0.2,0.3333,0.25,0.3937,6,10
django-guardian/django-guardian,embedding_readme,5,0.4,0.3333,0.3636,0.3008,6,10
django-guardian/django-guardian,embedding_readme,10,0.2,0.3333,0.25,0.2684,6,10
django-guardian/django-guardian,embedding_requirement,5,0.0,0.0,0.0,0.0,6,10
django-guardian/django-guardian,embedding_requirement,10,0.0,0.0,0.0,0.0,6,10
django-guardian/django-guardian,repo-embedding,5,0.2,0.1667,0.1818,0.3392,6,10
django-guardian/django-guardian,repo-embedding,10,0.1,0.1667,0.125,0.3026,6,10
django-guardian/django-guardian,code+doc,5,0.2,0.1667,0.1818,0.3392,6,10
django-guardian/django-guardian,code+doc,10,0.2,0.3333,0.25,0.3901,6,10
django-guardian/django-guardian,code+readme,5,0.2,0.1667,0.1818,0.3392,6,10
django-guardian/django-guardian,code+readme,10,0.1,0.1667,0.125,0.3026,6,10
django-guardian/django-guardian,code+doc+readme,5,0.2,0.1667,0.1818,0.3392,6,10
django-guardian/django-guardian,code+doc+readme,10,0.2,0.3333,0.25,0.3937,6,10
django-guardian/django-guardian,code+doc+readme+req,5,0.2,0.1667,0.1818,0.3392,6,10
django-guardian/django-guardian,code+doc+readme+req,10,0.1,0.1667,0.125,0.3026,6,10
pyinvoke/invoke,BM25,5,0.0,0.0,0.0,0.0,4,10
pyinvoke/invoke,BM25,10,0.0,0.0,0.0,0.0,4,10
pyinvoke/invoke,embedding_code,5,0.0,0.0,0.0,0.0,4,10
pyinvoke/invoke,embedding_code,10,0.2,0.5,0.2857,0.243,4,10
pyinvoke/invoke,embedding_doc,5,0.0,0.0,0.0,0.0,4,10
pyinvoke/invoke,embedding_doc,10,0.1,0.25,0.1429,0.1391,4,10
pyinvoke/invoke,embedding_readme,5,0.0,0.0,0.0,0.0,4,10
pyinvoke/invoke,embedding_readme,10,0.1,0.25,0.1429,0.1175,4,10
pyinvoke/invoke,embedding_requirement,5,0.0,0.0,0.0,0.0,4,10
pyinvoke/invoke,embedding_requirement,10,0.0,0.0,0.0,0.0,4,10
pyinvoke/invoke,repo-embedding,5,0.0,0.0,0.0,0.0,4,10
pyinvoke/invoke,repo-embedding,10,0.0,0.0,0.0,0.0,4,10
pyinvoke/invoke,code+doc,5,0.0,0.0,0.0,0.0,4,10
pyinvoke/invoke,code+doc,10,0.1,0.25,0.1429,0.1391,4,10
pyinvoke/invoke,code+readme,5,0.2,0.25,0.2222,0.1681,4,10
pyinvoke/invoke,code+readme,10,0.1,0.25,0.1429,0.1681,4,10
pyinvoke/invoke,code+doc+readme,5,0.2,0.25,0.2222,0.1681,4,10
pyinvoke/invoke,code+doc+readme,10,0.1,0.25,0.1429,0.1681,4,10
pyinvoke/invoke,code+doc+readme+req,5,0.0,0.0,0.0,0.0,4,10
pyinvoke/invoke,code+doc+readme+req,10,0.0,0.0,0.0,0.0,4,10
Textualize/textual,BM25,5,0.2,0.1,0.1333,0.1696,10,10
Textualize/textual,BM25,10,0.1,0.1,0.1,0.11,10,10
Textualize/textual,embedding_code,5,0.6,0.3,0.4,0.5296,10,10
Textualize/textual,embedding_code,10,0.3,0.3,0.3,0.3437,10,10
Textualize/textual,embedding_doc,5,0.4,0.2,0.2667,0.4852,10,10
Textualize/textual,embedding_doc,10,0.3,0.3,0.3,0.3933,10,10
Textualize/textual,embedding_readme,5,0.2,0.1,0.1333,0.3392,10,10
Textualize/textual,embedding_readme,10,0.1,0.1,0.1,0.2201,10,10
Textualize/textual,embedding_requirement,5,0.0,0.0,0.0,0.0,10,10
Textualize/textual,embedding_requirement,10,0.0,0.0,0.0,0.0,10,10
Textualize/textual,repo-embedding,5,0.2,0.1,0.1333,0.1696,10,10
Textualize/textual,repo-embedding,10,0.3,0.3,0.3,0.2618,10,10
Textualize/textual,code+doc,5,0.6,0.3,0.4,0.5296,10,10
Textualize/textual,code+doc,10,0.3,0.3,0.3,0.3437,10,10
Textualize/textual,code+readme,5,0.6,0.3,0.4,0.6164,10,10
Textualize/textual,code+readme,10,0.3,0.3,0.3,0.4,10,10
Textualize/textual,code+doc+readme,5,0.6,0.3,0.4,0.6399,10,10
Textualize/textual,code+doc+readme,10,0.3,0.3,0.3,0.4153,10,10
Textualize/textual,code+doc+readme+req,5,0.4,0.2,0.2667,0.3452,10,10
Textualize/textual,code+doc+readme+req,10,0.3,0.3,0.3,0.2974,10,10
httpie/cli,BM25,5,0.0,0.0,0.0,0.0,12,10
httpie/cli,BM25,10,0.1,0.0833,0.0909,0.0784,12,10
httpie/cli,embedding_code,5,0.0,0.0,0.0,0.0,12,10
httpie/cli,embedding_code,10,0.0,0.0,0.0,0.0,12,10
httpie/cli,embedding_doc,5,0.0,0.0,0.0,0.0,12,10
httpie/cli,embedding_doc,10,0.0,0.0,0.0,0.0,12,10
httpie/cli,embedding_readme,5,0.0,0.0,0.0,0.0,12,10
httpie/cli,embedding_readme,10,0.0,0.0,0.0,0.0,12,10
httpie/cli,embedding_requirement,5,0.0,0.0,0.0,0.0,12,10
httpie/cli,embedding_requirement,10,0.0,0.0,0.0,0.0,12,10
httpie/cli,repo-embedding,5,0.0,0.0,0.0,0.0,12,10
httpie/cli,repo-embedding,10,0.0,0.0,0.0,0.0,12,10
httpie/cli,code+doc,5,0.0,0.0,0.0,0.0,12,10
httpie/cli,code+doc,10,0.0,0.0,0.0,0.0,12,10
httpie/cli,code+readme,5,0.0,0.0,0.0,0.0,12,10
httpie/cli,code+readme,10,0.0,0.0,0.0,0.0,12,10
httpie/cli,code+doc+readme,5,0.0,0.0,0.0,0.0,12,10
httpie/cli,code+doc+readme,10,0.0,0.0,0.0,0.0,12,10
httpie/cli,code+doc+readme+req,5,0.0,0.0,0.0,0.0,12,10
httpie/cli,code+doc+readme+req,10,0.0,0.0,0.0,0.0,12,10
PyCQA/isort,BM25,5,0.4,0.1333,0.2,0.5531,15,10
PyCQA/isort,BM25,10,0.2,0.1333,0.16,0.359,15,10
PyCQA/isort,embedding_code,5,0.6,0.2,0.3,0.6164,15,10
PyCQA/isort,embedding_code,10,0.3,0.2,0.24,0.4,15,10
PyCQA/isort,embedding_doc,5,0.6,0.2,0.3,0.6844,15,10
PyCQA/isort,embedding_doc,10,0.4,0.2667,0.32,0.5077,15,10
PyCQA/isort,embedding_readme,5,0.4,0.1333,0.2,0.3836,15,10
PyCQA/isort,embedding_readme,10,0.4,0.2667,0.32,0.3909,15,10
PyCQA/isort,embedding_requirement,5,0.0,0.0,0.0,0.0,15,10
PyCQA/isort,embedding_requirement,10,0.0,0.0,0.0,0.0,15,10
PyCQA/isort,repo-embedding,5,0.2,0.0667,0.1,0.1461,15,10
PyCQA/isort,repo-embedding,10,0.5,0.3333,0.4,0.3764,15,10
PyCQA/isort,code+doc,5,0.6,0.2,0.3,0.6164,15,10
PyCQA/isort,code+doc,10,0.4,0.2667,0.32,0.4663,15,10
PyCQA/isort,code+readme,5,0.4,0.1333,0.2,0.3452,15,10
PyCQA/isort,code+readme,10,0.4,0.2667,0.32,0.366,15,10
PyCQA/isort,code+doc+readme,5,0.6,0.2,0.3,0.6164,15,10
PyCQA/isort,code+doc+readme,10,0.4,0.2667,0.32,0.4734,15,10
PyCQA/isort,code+doc+readme+req,5,0.2,0.0667,0.1,0.1696,15,10
PyCQA/isort,code+doc+readme+req,10,0.4,0.2667,0.32,0.3215,15,10
dgunning/edgartools,BM25,5,0.2,0.0909,0.125,0.3392,11,10
dgunning/edgartools,BM25,10,0.1,0.0909,0.0952,0.2201,11,10
dgunning/edgartools,embedding_code,5,0.4,0.1818,0.25,0.5087,11,10
dgunning/edgartools,embedding_code,10,0.3,0.2727,0.2857,0.3964,11,10
dgunning/edgartools,embedding_doc,5,0.4,0.1818,0.25,0.4704,11,10
dgunning/edgartools,embedding_doc,10,0.2,0.1818,0.1905,0.3052,11,10
dgunning/edgartools,embedding_readme,5,0.2,0.0909,0.125,0.1696,11,10
dgunning/edgartools,embedding_readme,10,0.2,0.1818,0.1905,0.1884,11,10
dgunning/edgartools,embedding_requirement,5,0.0,0.0,0.0,0.0,11,10
dgunning/edgartools,embedding_requirement,10,0.1,0.0909,0.0952,0.0734,11,10
dgunning/edgartools,repo-embedding,5,0.0,0.0,0.0,0.0,11,10
dgunning/edgartools,repo-embedding,10,0.1,0.0909,0.0952,0.0663,11,10
dgunning/edgartools,code+doc,5,0.4,0.1818,0.25,0.5531,11,10
dgunning/edgartools,code+doc,10,0.2,0.1818,0.1905,0.359,11,10
dgunning/edgartools,code+readme,5,0.4,0.1818,0.25,0.5531,11,10
dgunning/edgartools,code+readme,10,0.3,0.2727,0.2857,0.4374,11,10
dgunning/edgartools,code+doc+readme,5,0.4,0.1818,0.25,0.5531,11,10
dgunning/edgartools,code+doc+readme,10,0.2,0.1818,0.1905,0.359,11,10
dgunning/edgartools,code+doc+readme+req,5,0.2,0.0909,0.125,0.1696,11,10
dgunning/edgartools,code+doc+readme+req,10,0.1,0.0909,0.0952,0.11,11,10
alecthomas/voluptuous,BM25,5,0.6,0.75,0.6667,0.7537,4,10
alecthomas/voluptuous,BM25,10,0.3,0.75,0.4286,0.7537,4,10
alecthomas/voluptuous,embedding_code,5,0.4,0.5,0.4444,0.5856,4,10
alecthomas/voluptuous,embedding_code,10,0.4,1.0,0.5714,0.8478,4,10
alecthomas/voluptuous,embedding_doc,5,0.8,1.0,0.8889,0.7606,4,10
alecthomas/voluptuous,embedding_doc,10,0.4,1.0,0.5714,0.7606,4,10
alecthomas/voluptuous,embedding_readme,5,0.4,0.5,0.4444,0.5585,4,10
alecthomas/voluptuous,embedding_readme,10,0.2,0.5,0.2857,0.5585,4,10
alecthomas/voluptuous,embedding_requirement,5,0.0,0.0,0.0,0.0,4,10
alecthomas/voluptuous,embedding_requirement,10,0.0,0.0,0.0,0.0,4,10
alecthomas/voluptuous,repo-embedding,5,0.0,0.0,0.0,0.0,4,10
alecthomas/voluptuous,repo-embedding,10,0.2,0.5,0.2857,0.2476,4,10
alecthomas/voluptuous,code+doc,5,0.8,1.0,0.8889,0.9047,4,10
alecthomas/voluptuous,code+doc,10,0.4,1.0,0.5714,0.9047,4,10
alecthomas/voluptuous,code+readme,5,0.6,0.75,0.6667,0.8319,4,10
alecthomas/voluptuous,code+readme,10,0.4,1.0,0.5714,0.962,4,10
alecthomas/voluptuous,code+doc+readme,5,0.6,0.75,0.6667,0.8048,4,10
alecthomas/voluptuous,code+doc+readme,10,0.4,1.0,0.5714,0.9439,4,10
alecthomas/voluptuous,code+doc+readme+req,5,0.4,0.5,0.4444,0.6367,4,10
alecthomas/voluptuous,code+doc+readme+req,10,0.4,1.0,0.5714,0.8773,4,10
SciTools/cartopy,BM25,5,0.4,0.1333,0.2,0.4852,15,10
SciTools/cartopy,BM25,10,0.2,0.1333,0.16,0.3149,15,10
SciTools/cartopy,embedding_code,5,0.4,0.1333,0.2,0.3156,15,10
SciTools/cartopy,embedding_code,10,0.3,0.2,0.24,0.2711,15,10
SciTools/cartopy,embedding_doc,5,0.4,0.1333,0.2,0.3156,15,10
SciTools/cartopy,embedding_doc,10,0.3,0.2,0.24,0.2685,15,10
SciTools/cartopy,embedding_readme,5,0.8,0.2667,0.4,0.8539,15,10
SciTools/cartopy,embedding_readme,10,0.5,0.3333,0.4,0.6204,15,10
SciTools/cartopy,embedding_requirement,5,0.0,0.0,0.0,0.0,15,10
SciTools/cartopy,embedding_requirement,10,0.1,0.0667,0.08,0.0636,15,10
SciTools/cartopy,repo-embedding,5,0.4,0.1333,0.2,0.3452,15,10
SciTools/cartopy,repo-embedding,10,0.5,0.3333,0.4,0.4272,15,10
SciTools/cartopy,code+doc,5,0.4,0.1333,0.2,0.3008,15,10
SciTools/cartopy,code+doc,10,0.3,0.2,0.24,0.2588,15,10
SciTools/cartopy,code+readme,5,0.6,0.2,0.3,0.6844,15,10
SciTools/cartopy,code+readme,10,0.5,0.3333,0.4,0.574,15,10
SciTools/cartopy,code+doc+readme,5,0.6,0.2,0.3,0.4913,15,10
SciTools/cartopy,code+doc+readme,10,0.5,0.3333,0.4,0.4487,15,10
SciTools/cartopy,code+doc+readme+req,5,0.4,0.1333,0.2,0.3452,15,10
SciTools/cartopy,code+doc+readme+req,10,0.5,0.3333,0.4,0.4272,15,10
patx/pickledb,BM25,5,0.0,0.0,0.0,0.0,4,10
patx/pickledb,BM25,10,0.0,0.0,0.0,0.0,4,10
patx/pickledb,embedding_code,5,0.4,0.5,0.4444,0.5856,4,10
patx/pickledb,embedding_code,10,0.2,0.5,0.2857,0.5856,4,10
patx/pickledb,embedding_doc,5,0.0,0.0,0.0,0.0,4,10
patx/pickledb,embedding_doc,10,0.1,0.25,0.1429,0.1391,4,10
patx/pickledb,embedding_readme,5,0.4,0.5,0.4444,0.3633,4,10
patx/pickledb,embedding_readme,10,0.2,0.5,0.2857,0.3633,4,10
patx/pickledb,embedding_requirement,5,0.0,0.0,0.0,0.0,4,10
patx/pickledb,embedding_requirement,10,0.0,0.0,0.0,0.0,4,10
patx/pickledb,repo-embedding,5,0.2,0.25,0.2222,0.1681,4,10
patx/pickledb,repo-embedding,10,0.1,0.25,0.1429,0.1681,4,10
patx/pickledb,code+doc,5,0.4,0.5,0.4444,0.3973,4,10
patx/pickledb,code+doc,10,0.2,0.5,0.2857,0.3973,4,10
patx/pickledb,code+readme,5,0.4,0.5,0.4444,0.3633,4,10
patx/pickledb,code+readme,10,0.2,0.5,0.2857,0.3633,4,10
patx/pickledb,code+doc+readme,5,0.4,0.5,0.4444,0.5585,4,10
patx/pickledb,code+doc+readme,10,0.2,0.5,0.2857,0.5585,4,10
patx/pickledb,code+doc+readme+req,5,0.2,0.25,0.2222,0.1681,4,10
patx/pickledb,code+doc+readme+req,10,0.1,0.25,0.1429,0.1681,4,10
psycopg/psycopg,BM25,5,0.4,0.1667,0.2353,0.4852,12,10
psycopg/psycopg,BM25,10,0.2,0.1667,0.1818,0.3149,12,10
psycopg/psycopg,embedding_code,5,1.0,0.4167,0.5882,1.0,12,10
psycopg/psycopg,embedding_code,10,0.6,0.5,0.5455,0.7126,12,10
psycopg/psycopg,embedding_doc,5,0.6,0.25,0.3529,0.6548,12,10
psycopg/psycopg,embedding_doc,10,0.6,0.5,0.5455,0.6364,12,10
psycopg/psycopg,embedding_readme,5,0.4,0.1667,0.2353,0.3601,12,10
psycopg/psycopg,embedding_readme,10,0.4,0.3333,0.3636,0.3854,12,10
psycopg/psycopg,embedding_requirement,5,0.0,0.0,0.0,0.0,12,10
psycopg/psycopg,embedding_requirement,10,0.0,0.0,0.0,0.0,12,10
psycopg/psycopg,repo-embedding,5,0.6,0.25,0.3529,0.5296,12,10
psycopg/psycopg,repo-embedding,10,0.5,0.4167,0.4545,0.4767,12,10
psycopg/psycopg,code+doc,5,0.8,0.3333,0.4706,0.8304,12,10
psycopg/psycopg,code+doc,10,0.6,0.5,0.5455,0.6906,12,10
psycopg/psycopg,code+readme,5,0.6,0.25,0.3529,0.7227,12,10
psycopg/psycopg,code+readme,10,0.6,0.5,0.5455,0.6805,12,10
psycopg/psycopg,code+doc+readme,5,0.8,0.3333,0.4706,0.8304,12,10
psycopg/psycopg,code+doc+readme,10,0.6,0.5,0.5455,0.6867,12,10
psycopg/psycopg,code+doc+readme+req,5,0.8,0.3333,0.4706,0.6608,12,10
psycopg/psycopg,code+doc+readme+req,10,0.5,0.4167,0.4545,0.4951,12,10
inducer/pudb,BM25,5,0.4,0.2222,0.2857,0.5531,9,10
inducer/pudb,BM25,10,0.2,0.2222,0.2105,0.3833,9,10
inducer/pudb,embedding_code,5,0.0,0.0,0.0,0.0,9,10
inducer/pudb,embedding_code,10,0.0,0.0,0.0,0.0,9,10
inducer/pudb,embedding_doc,5,0.0,0.0,0.0,0.0,9,10
inducer/pudb,embedding_doc,10,0.0,0.0,0.0,0.0,9,10
inducer/pudb,embedding_readme,5,0.2,0.1111,0.1429,0.1696,9,10
inducer/pudb,embedding_readme,10,0.1,0.1111,0.1053,0.1175,9,10
inducer/pudb,embedding_requirement,5,0.2,0.1111,0.1429,0.214,9,10
inducer/pudb,embedding_requirement,10,0.1,0.1111,0.1053,0.1483,9,10
inducer/pudb,repo-embedding,5,0.0,0.0,0.0,0.0,9,10
inducer/pudb,repo-embedding,10,0.0,0.0,0.0,0.0,9,10
inducer/pudb,code+doc,5,0.0,0.0,0.0,0.0,9,10
inducer/pudb,code+doc,10,0.0,0.0,0.0,0.0,9,10
inducer/pudb,code+readme,5,0.0,0.0,0.0,0.0,9,10
inducer/pudb,code+readme,10,0.0,0.0,0.0,0.0,9,10
inducer/pudb,code+doc+readme,5,0.0,0.0,0.0,0.0,9,10
inducer/pudb,code+doc+readme,10,0.0,0.0,0.0,0.0,9,10
inducer/pudb,code+doc+readme+req,5,0.0,0.0,0.0,0.0,9,10
inducer/pudb,code+doc+readme+req,10,0.0,0.0,0.0,0.0,9,10
Lightning-AI/pytorch-lightning,BM25,5,0.2,0.1667,0.1818,0.1461,6,10
Lightning-AI/pytorch-lightning,BM25,10,0.3,0.5,0.375,0.339,6,10
Lightning-AI/pytorch-lightning,embedding_code,5,0.2,0.1667,0.1818,0.1696,6,10
Lightning-AI/pytorch-lightning,embedding_code,10,0.3,0.5,0.375,0.3502,6,10
Lightning-AI/pytorch-lightning,embedding_doc,5,0.2,0.1667,0.1818,0.1461,6,10
Lightning-AI/pytorch-lightning,embedding_doc,10,0.2,0.3333,0.25,0.2381,6,10
Lightning-AI/pytorch-lightning,embedding_readme,5,0.2,0.1667,0.1818,0.1461,6,10
Lightning-AI/pytorch-lightning,embedding_readme,10,0.3,0.5,0.375,0.3223,6,10
Lightning-AI/pytorch-lightning,embedding_requirement,5,0.0,0.0,0.0,0.0,6,10
Lightning-AI/pytorch-lightning,embedding_requirement,10,0.0,0.0,0.0,0.0,6,10
Lightning-AI/pytorch-lightning,repo-embedding,5,0.2,0.1667,0.1818,0.1696,6,10
Lightning-AI/pytorch-lightning,repo-embedding,10,0.2,0.3333,0.25,0.2591,6,10
Lightning-AI/pytorch-lightning,code+doc,5,0.2,0.1667,0.1818,0.1461,6,10
Lightning-AI/pytorch-lightning,code+doc,10,0.3,0.5,0.375,0.339,6,10
Lightning-AI/pytorch-lightning,code+readme,5,0.0,0.0,0.0,0.0,6,10
Lightning-AI/pytorch-lightning,code+readme,10,0.3,0.5,0.375,0.2907,6,10
Lightning-AI/pytorch-lightning,code+doc+readme,5,0.2,0.1667,0.1818,0.1461,6,10
Lightning-AI/pytorch-lightning,code+doc+readme,10,0.4,0.6667,0.5,0.4098,6,10
Lightning-AI/pytorch-lightning,code+doc+readme+req,5,0.2,0.1667,0.1818,0.1696,6,10
Lightning-AI/pytorch-lightning,code+doc+readme+req,10,0.2,0.3333,0.25,0.2591,6,10
getsentry/sentry-python,BM25,5,0.0,0.0,0.0,0.0,15,10
getsentry/sentry-python,BM25,10,0.2,0.1333,0.16,0.1428,15,10
getsentry/sentry-python,embedding_code,5,0.0,0.0,0.0,0.0,15,10
getsentry/sentry-python,embedding_code,10,0.1,0.0667,0.08,0.0694,15,10
getsentry/sentry-python,embedding_doc,5,0.0,0.0,0.0,0.0,15,10
getsentry/sentry-python,embedding_doc,10,0.0,0.0,0.0,0.0,15,10
getsentry/sentry-python,embedding_readme,5,0.2,0.0667,0.1,0.1312,15,10
getsentry/sentry-python,embedding_readme,10,0.2,0.1333,0.16,0.1514,15,10
getsentry/sentry-python,embedding_requirement,5,0.0,0.0,0.0,0.0,15,10
getsentry/sentry-python,embedding_requirement,10,0.0,0.0,0.0,0.0,15,10
getsentry/sentry-python,repo-embedding,5,0.0,0.0,0.0,0.0,15,10
getsentry/sentry-python,repo-embedding,10,0.0,0.0,0.0,0.0,15,10
getsentry/sentry-python,code+doc,5,0.0,0.0,0.0,0.0,15,10
getsentry/sentry-python,code+doc,10,0.0,0.0,0.0,0.0,15,10
getsentry/sentry-python,code+readme,5,0.2,0.0667,0.1,0.1312,15,10
getsentry/sentry-python,code+readme,10,0.1,0.0667,0.08,0.0851,15,10
getsentry/sentry-python,code+doc+readme,5,0.0,0.0,0.0,0.0,15,10
getsentry/sentry-python,code+doc+readme,10,0.0,0.0,0.0,0.0,15,10
getsentry/sentry-python,code+doc+readme+req,5,0.0,0.0,0.0,0.0,15,10
getsentry/sentry-python,code+doc+readme+req,10,0.0,0.0,0.0,0.0,15,10
mpi4py/mpi4py,BM25,5,0.2,0.2,0.2,0.214,5,10
mpi4py/mpi4py,BM25,10,0.1,0.2,0.1333,0.214,5,10
mpi4py/mpi4py,embedding_code,5,0.0,0.0,0.0,0.0,5,10
mpi4py/mpi4py,embedding_code,10,0.0,0.0,0.0,0.0,5,10
mpi4py/mpi4py,embedding_doc,5,0.2,0.2,0.2,0.3392,5,10
mpi4py/mpi4py,embedding_doc,10,0.1,0.2,0.1333,0.3392,5,10
mpi4py/mpi4py,embedding_readme,5,0.0,0.0,0.0,0.0,5,10
mpi4py/mpi4py,embedding_readme,10,0.0,0.0,0.0,0.0,5,10
mpi4py/mpi4py,embedding_requirement,5,0.0,0.0,0.0,0.0,5,10
mpi4py/mpi4py,embedding_requirement,10,0.1,0.2,0.1333,0.1131,5,10
mpi4py/mpi4py,repo-embedding,5,0.2,0.2,0.2,0.1312,5,10
mpi4py/mpi4py,repo-embedding,10,0.2,0.4,0.2667,0.2333,5,10
mpi4py/mpi4py,code+doc,5,0.2,0.2,0.2,0.3392,5,10
mpi4py/mpi4py,code+doc,10,0.1,0.2,0.1333,0.3392,5,10
mpi4py/mpi4py,code+readme,5,0.0,0.0,0.0,0.0,5,10
mpi4py/mpi4py,code+readme,10,0.0,0.0,0.0,0.0,5,10
mpi4py/mpi4py,code+doc+readme,5,0.2,0.2,0.2,0.214,5,10
mpi4py/mpi4py,code+doc+readme,10,0.1,0.2,0.1333,0.214,5,10
mpi4py/mpi4py,code+doc+readme+req,5,0.4,0.4,0.4,0.3008,5,10
mpi4py/mpi4py,code+doc+readme+req,10,0.2,0.4,0.2667,0.3008,5,10
dashingsoft/pyarmor,BM25,5,0.2,0.25,0.2222,0.1952,4,10
dashingsoft/pyarmor,BM25,10,0.2,0.5,0.2857,0.3342,4,10
dashingsoft/pyarmor,embedding_code,5,0.2,0.25,0.2222,0.3904,4,10
dashingsoft/pyarmor,embedding_code,10,0.1,0.25,0.1429,0.3904,4,10
dashingsoft/pyarmor,embedding_doc,5,0.0,0.0,0.0,0.0,4,10
dashingsoft/pyarmor,embedding_doc,10,0.0,0.0,0.0,0.0,4,10
dashingsoft/pyarmor,embedding_readme,5,0.4,0.5,0.4444,0.4144,4,10
dashingsoft/pyarmor,embedding_readme,10,0.2,0.5,0.2857,0.4144,4,10
dashingsoft/pyarmor,embedding_requirement,5,0.0,0.0,0.0,0.0,4,10
dashingsoft/pyarmor,embedding_requirement,10,0.0,0.0,0.0,0.0,4,10
dashingsoft/pyarmor,repo-embedding,5,0.2,0.25,0.2222,0.1952,4,10
dashingsoft/pyarmor,repo-embedding,10,0.2,0.5,0.2857,0.3342,4,10
dashingsoft/pyarmor,code+doc,5,0.0,0.0,0.0,0.0,4,10
dashingsoft/pyarmor,code+doc,10,0.1,0.25,0.1429,0.1128,4,10
dashingsoft/pyarmor,code+readme,5,0.2,0.25,0.2222,0.3904,4,10
dashingsoft/pyarmor,code+readme,10,0.2,0.5,0.2857,0.5294,4,10
dashingsoft/pyarmor,code+doc+readme,5,0.2,0.25,0.2222,0.1681,4,10
dashingsoft/pyarmor,code+doc+readme,10,0.1,0.25,0.1429,0.1681,4,10
dashingsoft/pyarmor,code+doc+readme+req,5,0.2,0.25,0.2222,0.1952,4,10
dashingsoft/pyarmor,code+doc+readme+req,10,0.2,0.5,0.2857,0.3127,4,10
mkdocs/mkdocs,BM25,5,0.2,0.25,0.2222,0.1681,4,10
mkdocs/mkdocs,BM25,10,0.1,0.25,0.1429,0.1681,4,10
mkdocs/mkdocs,embedding_code,5,0.0,0.0,0.0,0.0,4,10
mkdocs/mkdocs,embedding_code,10,0.0,0.0,0.0,0.0,4,10
mkdocs/mkdocs,embedding_doc,5,0.2,0.25,0.2222,0.151,4,10
mkdocs/mkdocs,embedding_doc,10,0.1,0.25,0.1429,0.151,4,10
mkdocs/mkdocs,embedding_readme,5,0.2,0.25,0.2222,0.1952,4,10
mkdocs/mkdocs,embedding_readme,10,0.2,0.5,0.2857,0.3342,4,10
mkdocs/mkdocs,embedding_requirement,5,0.0,0.0,0.0,0.0,4,10
mkdocs/mkdocs,embedding_requirement,10,0.0,0.0,0.0,0.0,4,10
mkdocs/mkdocs,repo-embedding,5,0.0,0.0,0.0,0.0,4,10
mkdocs/mkdocs,repo-embedding,10,0.1,0.25,0.1429,0.1128,4,10
mkdocs/mkdocs,code+doc,5,0.0,0.0,0.0,0.0,4,10
mkdocs/mkdocs,code+doc,10,0.1,0.25,0.1429,0.1128,4,10
mkdocs/mkdocs,code+readme,5,0.0,0.0,0.0,0.0,4,10
mkdocs/mkdocs,code+readme,10,0.0,0.0,0.0,0.0,4,10
mkdocs/mkdocs,code+doc+readme,5,0.2,0.25,0.2222,0.151,4,10
mkdocs/mkdocs,code+doc+readme,10,0.1,0.25,0.1429,0.151,4,10
mkdocs/mkdocs,code+doc+readme+req,5,0.0,0.0,0.0,0.0,4,10
mkdocs/mkdocs,code+doc+readme+req,10,0.1,0.25,0.1429,0.1301,4,10
docling-project/docling,BM25,5,0.8,0.2,0.32,0.8688,20,10
docling-project/docling,BM25,10,0.4,0.2,0.2667,0.5638,20,10
docling-project/docling,embedding_code,5,0.6,0.15,0.24,0.7227,20,10
docling-project/docling,embedding_code,10,0.6,0.3,0.4,0.6831,20,10
docling-project/docling,embedding_doc,5,0.4,0.1,0.16,0.5087,20,10
docling-project/docling,embedding_doc,10,0.3,0.15,0.2,0.3964,20,10
docling-project/docling,embedding_readme,5,0.4,0.1,0.16,0.3156,20,10
docling-project/docling,embedding_readme,10,0.3,0.15,0.2,0.2685,20,10
docling-project/docling,embedding_requirement,5,0.0,0.0,0.0,0.0,20,10
docling-project/docling,embedding_requirement,10,0.0,0.0,0.0,0.0,20,10
docling-project/docling,repo-embedding,5,0.2,0.05,0.08,0.3392,20,10
docling-project/docling,repo-embedding,10,0.2,0.1,0.1333,0.2985,20,10
docling-project/docling,code+doc,5,0.6,0.15,0.24,0.6992,20,10
docling-project/docling,code+doc,10,0.3,0.15,0.2,0.4537,20,10
docling-project/docling,code+readme,5,0.6,0.15,0.24,0.7227,20,10
docling-project/docling,code+readme,10,0.4,0.2,0.2667,0.5326,20,10
docling-project/docling,code+doc+readme,5,0.6,0.15,0.24,0.7227,20,10
docling-project/docling,code+doc+readme,10,0.3,0.15,0.2,0.469,20,10
docling-project/docling,code+doc+readme+req,5,0.4,0.1,0.16,0.4704,20,10
docling-project/docling,code+doc+readme+req,10,0.3,0.15,0.2,0.3786,20,10
Suor/funcy,BM25,5,0.2,0.2,0.2,0.3392,5,10
Suor/funcy,BM25,10,0.1,0.2,0.1333,0.3392,5,10
Suor/funcy,embedding_code,5,0.6,0.6,0.6,0.6992,5,10
Suor/funcy,embedding_code,10,0.3,0.6,0.4,0.6992,5,10
Suor/funcy,embedding_doc,5,0.6,0.6,0.6,0.7227,5,10
Suor/funcy,embedding_doc,10,0.4,0.8,0.5333,0.8435,5,10
Suor/funcy,embedding_readme,5,0.2,0.2,0.2,0.3392,5,10
Suor/funcy,embedding_readme,10,0.1,0.2,0.1333,0.3392,5,10
Suor/funcy,embedding_requirement,5,0.0,0.0,0.0,0.0,5,10
Suor/funcy,embedding_requirement,10,0.2,0.4,0.2667,0.2091,5,10
Suor/funcy,repo-embedding,5,0.4,0.4,0.4,0.5531,5,10
Suor/funcy,repo-embedding,10,0.3,0.6,0.4,0.6552,5,10
Suor/funcy,code+doc,5,0.6,0.6,0.6,0.6992,5,10
Suor/funcy,code+doc,10,0.4,0.8,0.5333,0.7973,5,10
Suor/funcy,code+readme,5,0.4,0.4,0.4,0.5531,5,10
Suor/funcy,code+readme,10,0.3,0.6,0.4,0.6552,5,10
Suor/funcy,code+doc+readme,5,0.6,0.6,0.6,0.6844,5,10
Suor/funcy,code+doc+readme,10,0.4,0.8,0.5333,0.7864,5,10
Suor/funcy,code+doc+readme+req,5,0.4,0.4,0.4,0.5531,5,10
Suor/funcy,code+doc+readme+req,10,0.4,0.8,0.5333,0.7761,5,10
r0x0r/pywebview,BM25,5,0.6,0.2727,0.375,0.7227,11,10
r0x0r/pywebview,BM25,10,0.4,0.3636,0.381,0.5474,11,10
r0x0r/pywebview,embedding_code,5,0.4,0.1818,0.25,0.3008,11,10
r0x0r/pywebview,embedding_code,10,0.3,0.2727,0.2857,0.2736,11,10
r0x0r/pywebview,embedding_doc,5,0.2,0.0909,0.125,0.214,11,10
r0x0r/pywebview,embedding_doc,10,0.4,0.3636,0.381,0.3471,11,10
r0x0r/pywebview,embedding_readme,5,0.2,0.0909,0.125,0.1312,11,10
r0x0r/pywebview,embedding_readme,10,0.4,0.3636,0.381,0.3063,11,10
r0x0r/pywebview,embedding_requirement,5,0.0,0.0,0.0,0.0,11,10
r0x0r/pywebview,embedding_requirement,10,0.0,0.0,0.0,0.0,11,10
r0x0r/pywebview,repo-embedding,5,0.2,0.0909,0.125,0.1461,11,10
r0x0r/pywebview,repo-embedding,10,0.4,0.3636,0.381,0.298,11,10
r0x0r/pywebview,code+doc,5,0.4,0.1818,0.25,0.3452,11,10
r0x0r/pywebview,code+doc,10,0.4,0.3636,0.381,0.3636,11,10
r0x0r/pywebview,code+readme,5,0.4,0.1818,0.25,0.4704,11,10
r0x0r/pywebview,code+readme,10,0.2,0.1818,0.1905,0.3052,11,10
r0x0r/pywebview,code+doc+readme,5,0.4,0.1818,0.25,0.3452,11,10
r0x0r/pywebview,code+doc+readme,10,0.3,0.2727,0.2857,0.2974,11,10
r0x0r/pywebview,code+doc+readme+req,5,0.2,0.0909,0.125,0.214,11,10
r0x0r/pywebview,code+doc+readme+req,10,0.3,0.2727,0.2857,0.2867,11,10
geopy/geopy,BM25,5,0.2,0.25,0.2222,0.151,4,10
geopy/geopy,BM25,10,0.1,0.25,0.1429,0.151,4,10
geopy/geopy,embedding_code,5,0.6,0.75,0.6667,0.7095,4,10
geopy/geopy,embedding_code,10,0.3,0.75,0.4286,0.7095,4,10
geopy/geopy,embedding_doc,5,0.4,0.5,0.4444,0.4415,4,10
geopy/geopy,embedding_doc,10,0.3,0.75,0.4286,0.5646,4,10
geopy/geopy,embedding_readme,5,0.4,0.5,0.4444,0.6367,4,10
geopy/geopy,embedding_readme,10,0.2,0.5,0.2857,0.6367,4,10
geopy/geopy,embedding_requirement,5,0.0,0.0,0.0,0.0,4,10
geopy/geopy,embedding_requirement,10,0.0,0.0,0.0,0.0,4,10
geopy/geopy,repo-embedding,5,0.4,0.5,0.4444,0.6367,4,10
geopy/geopy,repo-embedding,10,0.4,1.0,0.5714,0.89,4,10
geopy/geopy,code+doc,5,0.6,0.75,0.6667,0.7366,4,10
geopy/geopy,code+doc,10,0.3,0.75,0.4286,0.7366,4,10
geopy/geopy,code+readme,5,0.4,0.5,0.4444,0.6367,4,10
geopy/geopy,code+readme,10,0.3,0.75,0.4286,0.7757,4,10
geopy/geopy,code+doc+readme,5,0.4,0.5,0.4444,0.6367,4,10
geopy/geopy,code+doc+readme,10,0.3,0.75,0.4286,0.7757,4,10
geopy/geopy,code+doc+readme+req,5,0.2,0.25,0.2222,0.3904,4,10
geopy/geopy,code+doc+readme+req,10,0.3,0.75,0.4286,0.6423,4,10
martinblech/xmltodict,BM25,5,0.2,0.2,0.2,0.3392,5,10
martinblech/xmltodict,BM25,10,0.2,0.4,0.2667,0.4413,5,10
martinblech/xmltodict,embedding_code,5,0.4,0.4,0.4,0.5531,5,10
martinblech/xmltodict,embedding_code,10,0.3,0.6,0.4,0.6601,5,10
martinblech/xmltodict,embedding_doc,5,0.2,0.2,0.2,0.1461,5,10
martinblech/xmltodict,embedding_doc,10,0.1,0.2,0.1333,0.1461,5,10
martinblech/xmltodict,embedding_readme,5,0.4,0.4,0.4,0.5531,5,10
martinblech/xmltodict,embedding_readme,10,0.2,0.4,0.2667,0.5531,5,10
martinblech/xmltodict,embedding_requirement,5,0.0,0.0,0.0,0.0,5,10
martinblech/xmltodict,embedding_requirement,10,0.0,0.0,0.0,0.0,5,10
martinblech/xmltodict,repo-embedding,5,0.2,0.2,0.2,0.1461,5,10
martinblech/xmltodict,repo-embedding,10,0.2,0.4,0.2667,0.2669,5,10
martinblech/xmltodict,code+doc,5,0.4,0.4,0.4,0.5531,5,10
martinblech/xmltodict,code+doc,10,0.2,0.4,0.2667,0.5531,5,10
martinblech/xmltodict,code+readme,5,0.6,0.6,0.6,0.7227,5,10
martinblech/xmltodict,code+readme,10,0.3,0.6,0.4,0.7227,5,10
martinblech/xmltodict,code+doc+readme,5,0.6,0.6,0.6,0.7227,5,10
martinblech/xmltodict,code+doc+readme,10,0.3,0.6,0.4,0.7227,5,10
martinblech/xmltodict,code+doc+readme+req,5,0.6,0.6,0.6,0.4469,5,10
martinblech/xmltodict,code+doc+readme+req,10,0.3,0.6,0.4,0.4469,5,10
aio-libs/aiohttp,BM25,5,0.2,0.25,0.2222,0.1681,4,10
aio-libs/aiohttp,BM25,10,0.1,0.25,0.1429,0.1681,4,10
aio-libs/aiohttp,embedding_code,5,0.4,0.5,0.4444,0.5585,4,10
aio-libs/aiohttp,embedding_code,10,0.3,0.75,0.4286,0.6976,4,10
aio-libs/aiohttp,embedding_doc,5,0.4,0.5,0.4444,0.4144,4,10
aio-libs/aiohttp,embedding_doc,10,0.3,0.75,0.4286,0.5446,4,10
aio-libs/aiohttp,embedding_readme,5,0.2,0.25,0.2222,0.2463,4,10
aio-libs/aiohttp,embedding_readme,10,0.1,0.25,0.1429,0.2463,4,10
aio-libs/aiohttp,embedding_requirement,5,0.0,0.0,0.0,0.0,4,10
aio-libs/aiohttp,embedding_requirement,10,0.0,0.0,0.0,0.0,4,10
aio-libs/aiohttp,repo-embedding,5,0.2,0.25,0.2222,0.3904,4,10
aio-libs/aiohttp,repo-embedding,10,0.3,0.75,0.4286,0.6423,4,10
aio-libs/aiohttp,code+doc,5,0.4,0.5,0.4444,0.4144,4,10
aio-libs/aiohttp,code+doc,10,0.3,0.75,0.4286,0.5535,4,10
aio-libs/aiohttp,code+readme,5,0.2,0.25,0.2222,0.2463,4,10
aio-libs/aiohttp,code+readme,10,0.2,0.5,0.2857,0.3695,4,10
aio-libs/aiohttp,code+doc+readme,5,0.2,0.25,0.2222,0.1952,4,10
aio-libs/aiohttp,code+doc+readme,10,0.3,0.75,0.4286,0.4518,4,10
aio-libs/aiohttp,code+doc+readme+req,5,0.2,0.25,0.2222,0.2463,4,10
aio-libs/aiohttp,code+doc+readme+req,10,0.2,0.5,0.2857,0.3854,4,10
libvips/pyvips,BM25,5,0.0,0.0,0.0,0.0,7,10
libvips/pyvips,BM25,10,0.0,0.0,0.0,0.0,7,10
libvips/pyvips,embedding_code,5,0.8,0.5714,0.6667,0.8688,7,10
libvips/pyvips,embedding_code,10,0.4,0.5714,0.4706,0.7041,7,10
libvips/pyvips,embedding_doc,5,0.8,0.5714,0.6667,0.8304,7,10
libvips/pyvips,embedding_doc,10,0.4,0.5714,0.4706,0.673,7,10
libvips/pyvips,embedding_readme,5,0.0,0.0,0.0,0.0,7,10
libvips/pyvips,embedding_readme,10,0.0,0.0,0.0,0.0,7,10
libvips/pyvips,embedding_requirement,5,0.0,0.0,0.0,0.0,7,10
libvips/pyvips,embedding_requirement,10,0.0,0.0,0.0,0.0,7,10
libvips/pyvips,repo-embedding,5,0.6,0.4286,0.5,0.7227,7,10
libvips/pyvips,repo-embedding,10,0.4,0.5714,0.4706,0.6652,7,10
libvips/pyvips,code+doc,5,0.8,0.5714,0.6667,0.8539,7,10
libvips/pyvips,code+doc,10,0.4,0.5714,0.4706,0.6921,7,10
libvips/pyvips,code+readme,5,0.6,0.4286,0.5,0.7227,7,10
libvips/pyvips,code+readme,10,0.4,0.5714,0.4706,0.6725,7,10
libvips/pyvips,code+doc+readme,5,0.6,0.4286,0.5,0.7227,7,10
libvips/pyvips,code+doc+readme,10,0.4,0.5714,0.4706,0.6725,7,10
libvips/pyvips,code+doc+readme+req,5,0.6,0.4286,0.5,0.7227,7,10
libvips/pyvips,code+doc+readme+req,10,0.4,0.5714,0.4706,0.6685,7,10
python/cpython,BM25,5,0.6,0.6,0.6,0.7227,5,10
python/cpython,BM25,10,0.4,0.8,0.5333,0.8297,5,10
python/cpython,embedding_code,5,0.4,0.4,0.4,0.5087,5,10
python/cpython,embedding_code,10,0.2,0.4,0.2667,0.5087,5,10
python/cpython,embedding_doc,5,0.4,0.4,0.4,0.5531,5,10
python/cpython,embedding_doc,10,0.2,0.4,0.2667,0.5531,5,10
python/cpython,embedding_readme,5,0.0,0.0,0.0,0.0,5,10
python/cpython,embedding_readme,10,0.0,0.0,0.0,0.0,5,10
python/cpython,embedding_requirement,5,0.4,0.4,0.4,0.5087,5,10
python/cpython,embedding_requirement,10,0.2,0.4,0.2667,0.5087,5,10
python/cpython,repo-embedding,5,0.6,0.6,0.6,0.6844,5,10
python/cpython,repo-embedding,10,0.3,0.6,0.4,0.6844,5,10
python/cpython,code+doc,5,0.4,0.4,0.4,0.5531,5,10
python/cpython,code+doc,10,0.2,0.4,0.2667,0.5531,5,10
python/cpython,code+readme,5,0.4,0.4,0.4,0.5087,5,10
python/cpython,code+readme,10,0.3,0.6,0.4,0.6068,5,10
python/cpython,code+doc+readme,5,0.4,0.4,0.4,0.5531,5,10
python/cpython,code+doc+readme,10,0.2,0.4,0.2667,0.5531,5,10
python/cpython,code+doc+readme+req,5,0.4,0.4,0.4,0.5531,5,10
python/cpython,code+doc+readme+req,10,0.3,0.6,0.4,0.674,5,10
prompt-toolkit/python-prompt-toolkit,BM25,5,0.6,0.2143,0.3158,0.6992,14,10
prompt-toolkit/python-prompt-toolkit,BM25,10,0.6,0.4286,0.5,0.6678,14,10
prompt-toolkit/python-prompt-toolkit,embedding_code,5,0.8,0.2857,0.4211,0.786,14,10
prompt-toolkit/python-prompt-toolkit,embedding_code,10,0.4,0.2857,0.3333,0.5101,14,10
prompt-toolkit/python-prompt-toolkit,embedding_doc,5,0.6,0.2143,0.3158,0.6992,14,10
prompt-toolkit/python-prompt-toolkit,embedding_doc,10,0.5,0.3571,0.4167,0.5958,14,10
prompt-toolkit/python-prompt-toolkit,embedding_readme,5,0.4,0.1429,0.2105,0.5531,14,10
prompt-toolkit/python-prompt-toolkit,embedding_readme,10,0.3,0.2143,0.25,0.4284,14,10
prompt-toolkit/python-prompt-toolkit,embedding_requirement,5,0.0,0.0,0.0,0.0,14,10
prompt-toolkit/python-prompt-toolkit,embedding_requirement,10,0.0,0.0,0.0,0.0,14,10
prompt-toolkit/python-prompt-toolkit,repo-embedding,5,0.8,0.2857,0.4211,0.8304,14,10
prompt-toolkit/python-prompt-toolkit,repo-embedding,10,0.4,0.2857,0.3333,0.5389,14,10
prompt-toolkit/python-prompt-toolkit,code+doc,5,0.8,0.2857,0.4211,0.786,14,10
prompt-toolkit/python-prompt-toolkit,code+doc,10,0.4,0.2857,0.3333,0.5101,14,10
prompt-toolkit/python-prompt-toolkit,code+readme,5,0.6,0.2143,0.3158,0.6992,14,10
prompt-toolkit/python-prompt-toolkit,code+readme,10,0.5,0.3571,0.4167,0.5965,14,10
prompt-toolkit/python-prompt-toolkit,code+doc+readme,5,0.6,0.2143,0.3158,0.6992,14,10
prompt-toolkit/python-prompt-toolkit,code+doc+readme,10,0.4,0.2857,0.3333,0.5321,14,10
prompt-toolkit/python-prompt-toolkit,code+doc+readme+req,5,0.8,0.2857,0.4211,0.8688,14,10
prompt-toolkit/python-prompt-toolkit,code+doc+readme+req,10,0.4,0.2857,0.3333,0.5638,14,10
sartography/SpiffWorkflow,BM25,5,0.0,0.0,0.0,0.0,4,10
sartography/SpiffWorkflow,BM25,10,0.1,0.25,0.1429,0.1391,4,10
sartography/SpiffWorkflow,embedding_code,5,0.4,0.5,0.4444,0.4144,4,10
sartography/SpiffWorkflow,embedding_code,10,0.3,0.75,0.4286,0.5446,4,10
sartography/SpiffWorkflow,embedding_doc,5,0.6,0.75,0.6667,0.5143,4,10
sartography/SpiffWorkflow,embedding_doc,10,0.3,0.75,0.4286,0.5143,4,10
sartography/SpiffWorkflow,embedding_readme,5,0.0,0.0,0.0,0.0,4,10
sartography/SpiffWorkflow,embedding_readme,10,0.0,0.0,0.0,0.0,4,10
sartography/SpiffWorkflow,embedding_requirement,5,0.0,0.0,0.0,0.0,4,10
sartography/SpiffWorkflow,embedding_requirement,10,0.0,0.0,0.0,0.0,4,10
sartography/SpiffWorkflow,repo-embedding,5,0.4,0.5,0.4444,0.4144,4,10
sartography/SpiffWorkflow,repo-embedding,10,0.2,0.5,0.2857,0.4144,4,10
sartography/SpiffWorkflow,code+doc,5,0.4,0.5,0.4444,0.4144,4,10
sartography/SpiffWorkflow,code+doc,10,0.3,0.75,0.4286,0.5535,4,10
sartography/SpiffWorkflow,code+readme,5,0.4,0.5,0.4444,0.3633,4,10
sartography/SpiffWorkflow,code+readme,10,0.2,0.5,0.2857,0.3633,4,10
sartography/SpiffWorkflow,code+doc+readme,5,0.4,0.5,0.4444,0.3633,4,10
sartography/SpiffWorkflow,code+doc+readme,10,0.3,0.75,0.4286,0.5024,4,10
sartography/SpiffWorkflow,code+doc+readme+req,5,0.4,0.5,0.4444,0.4144,4,10
sartography/SpiffWorkflow,code+doc+readme+req,10,0.2,0.5,0.2857,0.4144,4,10
feature-engine/feature_engine,BM25,5,0.6,0.3,0.4,0.6844,10,10
feature-engine/feature_engine,BM25,10,0.6,0.6,0.6,0.6595,10,10
feature-engine/feature_engine,embedding_code,5,0.6,0.3,0.4,0.6844,10,10
feature-engine/feature_engine,embedding_code,10,0.4,0.4,0.4,0.5175,10,10
feature-engine/feature_engine,embedding_doc,5,0.8,0.4,0.5333,0.8688,10,10
feature-engine/feature_engine,embedding_doc,10,0.6,0.6,0.6,0.7034,10,10
feature-engine/feature_engine,embedding_readme,5,0.2,0.1,0.1333,0.214,10,10
feature-engine/feature_engine,embedding_readme,10,0.2,0.2,0.2,0.2173,10,10
feature-engine/feature_engine,embedding_requirement,5,0.0,0.0,0.0,0.0,10,10
feature-engine/feature_engine,embedding_requirement,10,0.1,0.1,0.1,0.0784,10,10
feature-engine/feature_engine,repo-embedding,5,0.6,0.3,0.4,0.6164,10,10
feature-engine/feature_engine,repo-embedding,10,0.5,0.5,0.5,0.5428,10,10
feature-engine/feature_engine,code+doc,5,0.8,0.4,0.5333,0.8688,10,10
feature-engine/feature_engine,code+doc,10,0.6,0.6,0.6,0.7008,10,10
feature-engine/feature_engine,code+readme,5,0.4,0.2,0.2667,0.5531,10,10
feature-engine/feature_engine,code+readme,10,0.5,0.5,0.5,0.577,10,10
feature-engine/feature_engine,code+doc+readme,5,0.6,0.3,0.4,0.6844,10,10
feature-engine/feature_engine,code+doc+readme,10,0.5,0.5,0.5,0.5919,10,10
feature-engine/feature_engine,code+doc+readme+req,5,0.4,0.2,0.2667,0.4704,10,10
feature-engine/feature_engine,code+doc+readme+req,10,0.5,0.5,0.5,0.5264,10,10
BeanieODM/beanie,BM25,5,0.6,0.3,0.4,0.6548,10,10
BeanieODM/beanie,BM25,10,0.3,0.3,0.3,0.4249,10,10
BeanieODM/beanie,embedding_code,5,0.4,0.2,0.2667,0.5087,10,10
BeanieODM/beanie,embedding_code,10,0.3,0.3,0.3,0.4035,10,10
BeanieODM/beanie,embedding_doc,5,0.2,0.1,0.1333,0.1696,10,10
BeanieODM/beanie,embedding_doc,10,0.4,0.4,0.4,0.3241,10,10
BeanieODM/beanie,embedding_readme,5,0.2,0.1,0.1333,0.214,10,10
BeanieODM/beanie,embedding_readme,10,0.2,0.2,0.2,0.2025,10,10
BeanieODM/beanie,embedding_requirement,5,0.2,0.1,0.1333,0.3392,10,10
BeanieODM/beanie,embedding_requirement,10,0.1,0.1,0.1,0.2201,10,10
BeanieODM/beanie,repo-embedding,5,0.2,0.1,0.1333,0.3392,10,10
BeanieODM/beanie,repo-embedding,10,0.3,0.3,0.3,0.3679,10,10
BeanieODM/beanie,code+doc,5,0.2,0.1,0.1333,0.214,10,10
BeanieODM/beanie,code+doc,10,0.5,0.5,0.5,0.4166,10,10
BeanieODM/beanie,code+readme,5,0.2,0.1,0.1333,0.3392,10,10
BeanieODM/beanie,code+readme,10,0.3,0.3,0.3,0.3629,10,10
BeanieODM/beanie,code+doc+readme,5,0.2,0.1,0.1333,0.214,10,10
BeanieODM/beanie,code+doc+readme,10,0.4,0.4,0.4,0.3503,10,10
BeanieODM/beanie,code+doc+readme+req,5,0.2,0.1,0.1333,0.3392,10,10
BeanieODM/beanie,code+doc+readme+req,10,0.4,0.4,0.4,0.4291,10,10
pypa/pip,BM25,5,0.0,0.0,0.0,0.0,4,10
pypa/pip,BM25,10,0.1,0.25,0.1429,0.1301,4,10
pypa/pip,embedding_code,5,0.6,0.75,0.6667,0.8319,4,10
pypa/pip,embedding_code,10,0.3,0.75,0.4286,0.8319,4,10
pypa/pip,embedding_doc,5,0.8,1.0,0.8889,0.9829,4,10
pypa/pip,embedding_doc,10,0.4,1.0,0.5714,0.9829,4,10
pypa/pip,embedding_readme,5,0.0,0.0,0.0,0.0,4,10
pypa/pip,embedding_readme,10,0.1,0.25,0.1429,0.1391,4,10
pypa/pip,embedding_requirement,5,0.0,0.0,0.0,0.0,4,10
pypa/pip,embedding_requirement,10,0.0,0.0,0.0,0.0,4,10
pypa/pip,repo-embedding,5,0.4,0.5,0.4444,0.5856,4,10
pypa/pip,repo-embedding,10,0.2,0.5,0.2857,0.5856,4,10
pypa/pip,code+doc,5,0.6,0.75,0.6667,0.8319,4,10
pypa/pip,code+doc,10,0.4,1.0,0.5714,0.9447,4,10
pypa/pip,code+readme,5,0.4,0.5,0.4444,0.5856,4,10
pypa/pip,code+readme,10,0.2,0.5,0.2857,0.5856,4,10
pypa/pip,code+doc+readme,5,0.4,0.5,0.4444,0.6367,4,10
pypa/pip,code+doc+readme,10,0.2,0.5,0.2857,0.6367,4,10
pypa/pip,code+doc+readme+req,5,0.4,0.5,0.4444,0.6367,4,10
pypa/pip,code+doc+readme+req,10,0.2,0.5,0.2857,0.6367,4,10
networkx/networkx,BM25,5,0.2,0.0526,0.0833,0.214,19,10
networkx/networkx,BM25,10,0.1,0.0526,0.069,0.1389,19,10
networkx/networkx,embedding_code,5,0.0,0.0,0.0,0.0,19,10
networkx/networkx,embedding_code,10,0.2,0.1053,0.1379,0.1357,19,10
networkx/networkx,embedding_doc,5,0.4,0.1053,0.1667,0.2773,19,10
networkx/networkx,embedding_doc,10,0.3,0.1579,0.2069,0.2533,19,10
networkx/networkx,embedding_readme,5,0.4,0.1053,0.1667,0.2773,19,10
networkx/networkx,embedding_readme,10,0.2,0.1053,0.1379,0.1799,19,10
networkx/networkx,embedding_requirement,5,0.4,0.1053,0.1667,0.3156,19,10
networkx/networkx,embedding_requirement,10,0.4,0.2105,0.2759,0.3566,19,10
networkx/networkx,repo-embedding,5,0.4,0.1053,0.1667,0.2773,19,10
networkx/networkx,repo-embedding,10,0.3,0.1579,0.2069,0.2583,19,10
networkx/networkx,code+doc,5,0.0,0.0,0.0,0.0,19,10
networkx/networkx,code+doc,10,0.3,0.1579,0.2069,0.2154,19,10
networkx/networkx,code+readme,5,0.2,0.0526,0.0833,0.1461,19,10
networkx/networkx,code+readme,10,0.3,0.1579,0.2069,0.2368,19,10
networkx/networkx,code+doc+readme,5,0.2,0.0526,0.0833,0.1696,19,10
networkx/networkx,code+doc+readme,10,0.3,0.1579,0.2069,0.2547,19,10
networkx/networkx,code+doc+readme+req,5,0.2,0.0526,0.0833,0.1461,19,10
networkx/networkx,code+doc+readme+req,10,0.3,0.1579,0.2069,0.2394,19,10
joke2k/faker,BM25,5,0.6,0.1579,0.25,0.6844,19,10
joke2k/faker,BM25,10,0.3,0.1579,0.2069,0.4441,19,10
joke2k/faker,embedding_code,5,0.2,0.0526,0.0833,0.3392,19,10
joke2k/faker,embedding_code,10,0.2,0.1053,0.1379,0.2895,19,10
joke2k/faker,embedding_doc,5,0.2,0.0526,0.0833,0.3392,19,10
joke2k/faker,embedding_doc,10,0.1,0.0526,0.069,0.2201,19,10
joke2k/faker,embedding_readme,5,0.4,0.1053,0.1667,0.5531,19,10
joke2k/faker,embedding_readme,10,0.2,0.1053,0.1379,0.359,19,10
joke2k/faker,embedding_requirement,5,0.2,0.0526,0.0833,0.214,19,10
joke2k/faker,embedding_requirement,10,0.2,0.1053,0.1379,0.2051,19,10
joke2k/faker,repo-embedding,5,0.2,0.0526,0.0833,0.3392,19,10
joke2k/faker,repo-embedding,10,0.3,0.1579,0.2069,0.3597,19,10
joke2k/faker,code+doc,5,0.2,0.0526,0.0833,0.3392,19,10
joke2k/faker,code+doc,10,0.1,0.0526,0.069,0.2201,19,10
joke2k/faker,code+readme,5,0.4,0.1053,0.1667,0.5087,19,10
joke2k/faker,code+readme,10,0.3,0.1579,0.2069,0.3938,19,10
joke2k/faker,code+doc+readme,5,0.2,0.0526,0.0833,0.3392,19,10
joke2k/faker,code+doc+readme,10,0.2,0.1053,0.1379,0.2935,19,10
joke2k/faker,code+doc+readme+req,5,0.2,0.0526,0.0833,0.3392,19,10
joke2k/faker,code+doc+readme+req,10,0.2,0.1053,0.1379,0.2985,19,10
sqids/sqids-python,BM25,5,0.6,0.2,0.3,0.7227,15,10
sqids/sqids-python,BM25,10,0.4,0.2667,0.32,0.5424,15,10
sqids/sqids-python,embedding_code,5,0.6,0.2,0.3,0.5296,15,10
sqids/sqids-python,embedding_code,10,0.4,0.2667,0.32,0.4131,15,10
sqids/sqids-python,embedding_doc,5,0.2,0.0667,0.1,0.3392,15,10
sqids/sqids-python,embedding_doc,10,0.1,0.0667,0.08,0.2201,15,10
sqids/sqids-python,embedding_readme,5,0.4,0.1333,0.2,0.4852,15,10
sqids/sqids-python,embedding_readme,10,0.3,0.2,0.24,0.3882,15,10
sqids/sqids-python,embedding_requirement,5,0.2,0.0667,0.1,0.1461,15,10
sqids/sqids-python,embedding_requirement,10,0.1,0.0667,0.08,0.0948,15,10
sqids/sqids-python,repo-embedding,5,0.2,0.0667,0.1,0.3392,15,10
sqids/sqids-python,repo-embedding,10,0.1,0.0667,0.08,0.2201,15,10
sqids/sqids-python,code+doc,5,0.2,0.0667,0.1,0.3392,15,10
sqids/sqids-python,code+doc,10,0.1,0.0667,0.08,0.2201,15,10
sqids/sqids-python,code+readme,5,0.6,0.2,0.3,0.7227,15,10
sqids/sqids-python,code+readme,10,0.3,0.2,0.24,0.469,15,10
sqids/sqids-python,code+doc+readme,5,0.6,0.2,0.3,0.7227,15,10
sqids/sqids-python,code+doc+readme,10,0.4,0.2667,0.32,0.5326,15,10
sqids/sqids-python,code+doc+readme+req,5,0.2,0.0667,0.1,0.1696,15,10
sqids/sqids-python,code+doc+readme+req,10,0.1,0.0667,0.08,0.11,15,10
sanic-org/sanic,BM25,5,0.2,0.1111,0.1429,0.214,9,10
sanic-org/sanic,BM25,10,0.3,0.3333,0.3158,0.3104,9,10
sanic-org/sanic,embedding_code,5,0.2,0.1111,0.1429,0.1696,9,10
sanic-org/sanic,embedding_code,10,0.2,0.2222,0.2105,0.1855,9,10
sanic-org/sanic,embedding_doc,5,0.2,0.1111,0.1429,0.3392,9,10
sanic-org/sanic,embedding_doc,10,0.1,0.1111,0.1053,0.235,9,10
sanic-org/sanic,embedding_readme,5,0.2,0.1111,0.1429,0.1312,9,10
sanic-org/sanic,embedding_readme,10,0.1,0.1111,0.1053,0.0909,9,10
sanic-org/sanic,embedding_requirement,5,0.0,0.0,0.0,0.0,9,10
sanic-org/sanic,embedding_requirement,10,0.0,0.0,0.0,0.0,9,10
sanic-org/sanic,repo-embedding,5,0.2,0.1111,0.1429,0.214,9,10
sanic-org/sanic,repo-embedding,10,0.1,0.1111,0.1053,0.1483,9,10
sanic-org/sanic,code+doc,5,0.2,0.1111,0.1429,0.214,9,10
sanic-org/sanic,code+doc,10,0.1,0.1111,0.1053,0.1483,9,10
sanic-org/sanic,code+readme,5,0.2,0.1111,0.1429,0.214,9,10
sanic-org/sanic,code+readme,10,0.1,0.1111,0.1053,0.1483,9,10
sanic-org/sanic,code+doc+readme,5,0.2,0.1111,0.1429,0.214,9,10
sanic-org/sanic,code+doc+readme,10,0.1,0.1111,0.1053,0.1483,9,10
sanic-org/sanic,code+doc+readme+req,5,0.2,0.1111,0.1429,0.214,9,10
sanic-org/sanic,code+doc+readme+req,10,0.1,0.1111,0.1053,0.1483,9,10
Kludex/starlette,BM25,5,0.4,0.1333,0.2,0.3156,15,10
Kludex/starlette,BM25,10,0.2,0.1333,0.16,0.2048,15,10
Kludex/starlette,embedding_code,5,0.4,0.1333,0.2,0.2773,15,10
Kludex/starlette,embedding_code,10,0.4,0.2667,0.32,0.3195,15,10
Kludex/starlette,embedding_doc,5,0.2,0.0667,0.1,0.1696,15,10
Kludex/starlette,embedding_doc,10,0.1,0.0667,0.08,0.11,15,10
Kludex/starlette,embedding_readme,5,0.6,0.2,0.3,0.5296,15,10
Kludex/starlette,embedding_readme,10,0.4,0.2667,0.32,0.4131,15,10
Kludex/starlette,embedding_requirement,5,0.4,0.1333,0.2,0.3452,15,10
Kludex/starlette,embedding_requirement,10,0.2,0.1333,0.16,0.224,15,10
Kludex/starlette,repo-embedding,5,0.4,0.1333,0.2,0.3008,15,10
Kludex/starlette,repo-embedding,10,0.3,0.2,0.24,0.2686,15,10
Kludex/starlette,code+doc,5,0.2,0.0667,0.1,0.1461,15,10
Kludex/starlette,code+doc,10,0.3,0.2,0.24,0.2278,15,10
Kludex/starlette,code+readme,5,0.4,0.1333,0.2,0.3008,15,10
Kludex/starlette,code+readme,10,0.6,0.4,0.48,0.48,15,10
Kludex/starlette,code+doc+readme,5,0.4,0.1333,0.2,0.3008,15,10
Kludex/starlette,code+doc+readme,10,0.4,0.2667,0.32,0.3398,15,10
Kludex/starlette,code+doc+readme+req,5,0.4,0.1333,0.2,0.3452,15,10
Kludex/starlette,code+doc+readme+req,10,0.4,0.2667,0.32,0.3539,15,10
scrapy/scrapy,BM25,5,0.0,0.0,0.0,0.0,8,10
scrapy/scrapy,BM25,10,0.0,0.0,0.0,0.0,8,10
scrapy/scrapy,embedding_code,5,0.2,0.125,0.1538,0.1461,8,10
scrapy/scrapy,embedding_code,10,0.1,0.125,0.1111,0.1089,8,10
scrapy/scrapy,embedding_doc,5,0.2,0.125,0.1538,0.1312,8,10
scrapy/scrapy,embedding_doc,10,0.1,0.125,0.1111,0.0979,8,10
scrapy/scrapy,embedding_readme,5,0.0,0.0,0.0,0.0,8,10
scrapy/scrapy,embedding_readme,10,0.0,0.0,0.0,0.0,8,10
scrapy/scrapy,embedding_requirement,5,0.0,0.0,0.0,0.0,8,10
scrapy/scrapy,embedding_requirement,10,0.0,0.0,0.0,0.0,8,10
scrapy/scrapy,repo-embedding,5,0.2,0.125,0.1538,0.3392,8,10
scrapy/scrapy,repo-embedding,10,0.1,0.125,0.1111,0.2529,8,10
scrapy/scrapy,code+doc,5,0.2,0.125,0.1538,0.1461,8,10
scrapy/scrapy,code+doc,10,0.1,0.125,0.1111,0.1089,8,10
scrapy/scrapy,code+readme,5,0.2,0.125,0.1538,0.214,8,10
scrapy/scrapy,code+readme,10,0.1,0.125,0.1111,0.1596,8,10
scrapy/scrapy,code+doc+readme,5,0.2,0.125,0.1538,0.214,8,10
scrapy/scrapy,code+doc+readme,10,0.1,0.125,0.1111,0.1596,8,10
scrapy/scrapy,code+doc+readme+req,5,0.2,0.125,0.1538,0.3392,8,10
scrapy/scrapy,code+doc+readme+req,10,0.1,0.125,0.1111,0.2529,8,10
benoitc/gunicorn,BM25,5,0.4,0.25,0.3077,0.5531,8,10
benoitc/gunicorn,BM25,10,0.3,0.375,0.3333,0.4923,8,10
benoitc/gunicorn,embedding_code,5,0.2,0.125,0.1538,0.1696,8,10
benoitc/gunicorn,embedding_code,10,0.2,0.25,0.2222,0.2108,8,10
benoitc/gunicorn,embedding_doc,5,0.2,0.125,0.1538,0.3392,8,10
benoitc/gunicorn,embedding_doc,10,0.1,0.125,0.1111,0.2529,8,10
benoitc/gunicorn,embedding_readme,5,0.0,0.0,0.0,0.0,8,10
benoitc/gunicorn,embedding_readme,10,0.0,0.0,0.0,0.0,8,10
benoitc/gunicorn,embedding_requirement,5,0.0,0.0,0.0,0.0,8,10
benoitc/gunicorn,embedding_requirement,10,0.0,0.0,0.0,0.0,8,10
benoitc/gunicorn,repo-embedding,5,0.0,0.0,0.0,0.0,8,10
benoitc/gunicorn,repo-embedding,10,0.1,0.125,0.1111,0.0761,8,10
benoitc/gunicorn,code+doc,5,0.2,0.125,0.1538,0.3392,8,10
benoitc/gunicorn,code+doc,10,0.2,0.25,0.2222,0.3327,8,10
benoitc/gunicorn,code+readme,5,0.2,0.125,0.1538,0.1461,8,10
benoitc/gunicorn,code+readme,10,0.2,0.25,0.2222,0.199,8,10
benoitc/gunicorn,code+doc+readme,5,0.2,0.125,0.1538,0.3392,8,10
benoitc/gunicorn,code+doc+readme,10,0.1,0.125,0.1111,0.2529,8,10
benoitc/gunicorn,code+doc+readme+req,5,0.0,0.0,0.0,0.0,8,10
benoitc/gunicorn,code+doc+readme+req,10,0.1,0.125,0.1111,0.0761,8,10
